invoice_id,customer_id,customer_name,billing_period,amount_billed,invoice_date,status,notes
INV-2024-0261,ATC-00101,Evergreen Insurance Partners,2024-04,516721.7,2024-04-16,Paid,
INV-2024-0087,ATC-00043,Yosemite Life Systems,2024-12,4125.25,2024-12-29,Paid,
INV-2024-0013,ATC-00013,Stillwater Mutual,2024-04,591759.91,2024-04-16,Paid,
INV-2024-0293,ATC-00117,Underwood Policy Group,2024-06,2480.6,2024-06-18,Paid,
INV-2024-0125,ATC-00052,Highmark Benefits Co.,2024-08,7759.67,2024-08-17,Paid,
INV-2024-0003,ATC-00003,Harbor Life Systems,2024-04,60071.71,2024-04-06,Paid,
INV-2024-0005,ATC-00005,Summit Policy Services,2024-04,18260.76,2024-04-27,Paid,
INV-2024-0051,ATC-00026,Harborview Life & Annuity,2024-04,351161.84,2024-04-12,Paid,
INV-2025-0182,ATC-00069,Yellowstone Mutual Holdings,2025-03,61842.52,2025-03-20,Paid,
INV-2024-0215,ATC-00077,Greystone Life Holdings,2024-04,447292.45,2024-04-24,Paid,
INV-2025-0049,ATC-00025,Granite State Insurance,2025-02,3680.89,2025-02-17,Paid,
INV-2024-0160,ATC-00062,Rosewood Life Partners,2024-11,14460.72,2024-11-23,Paid,
INV-2024-0002,ATC-00002,Northstar Insurance Group,2024-04,348496.11,2024-04-13,Paid,
INV-2024-0001,ATC-00001,Northstar Insurance Group,2024-04,99679.25,2024-04-27,Paid,
INV-2024-0231,ATC-00082,Linwood Mutual Benefits,2024-04,10248.37,2024-04-26,Paid,
INV-2024-0194,ATC-00073,Crestwood Benefits Alliance,2024-12,3985.24,2024-12-09,Paid,
INV-2024-0092,ATC-00045,Arcadian Insurance Trust,2024-04,247959.43,2024-04-28,Paid,
INV-2024-0245,ATC-00085,Overland Benefits Group,2024-04,40542.32,2024-04-13,Paid,
INV-2024-0303,ATC-00118,Vantage Life Systems,2024-04,57798.28,2024-04-23,Paid,
INV-2024-0260,ATC-00100,Dunmore Policy Services,2024-04,10468.92,2024-04-24,Paid,
INV-2024-0134,ATC-00054,Juniper Life Holdings,2024-04,313335.57,2024-04-15,Paid,
INV-2024-0268,ATC-00105,Ingram Benefits Alliance,2024-04,124387.08,2024-04-12,Paid,
INV-2025-0050,ATC-00025,Granite State Insurance,2025-03,3692.39,2025-03-11,Paid,
INV-2025-0195,ATC-00073,Crestwood Benefits Alliance,2025-01,4006.25,2025-01-21,Paid,
INV-2024-0239,ATC-00083,Millbrook Policy Advisors,2024-11,11480.25,2024-11-16,Paid,
INV-2025-0211,ATC-00075,Elsinore Mutual Partners,2025-01,1325.53,2025-01-15,Paid,
INV-2025-0088,ATC-00043,Yosemite Life Systems,2025-01,3983.57,2025-01-23,Paid,
INV-2025-0288,ATC-00115,Sedgwick Insurance Services,2025-02,3620.84,2025-02-08,Paid,
INV-2024-0057,ATC-00032,Northfield Insurance Co.,2024-04,63325.17,2024-04-27,Paid,
INV-2024-0028,ATC-00018,Cirencester Benefits Ltd,2024-11,3051.36,2024-11-25,Paid,
INV-2025-0242,ATC-00083,Millbrook Policy Advisors,2025-02,11451.37,2025-02-03,Paid,
INV-2024-0257,ATC-00097,Andover Insurance Co.,2024-04,29182.51,2024-04-12,Paid,
INV-2024-0290,ATC-00116,Talbot Benefits Alliance,2024-04,75237.97,2024-04-09,Paid,
INV-2024-0265,ATC-00104,Hartwell Insurance Co.,2024-07,37103.67,2024-07-12,Paid,
INV-2024-0321,ATC-00122,Castlewood Policy Partners,2024-04,542928.23,2024-04-11,Paid,
INV-2024-0259,ATC-00099,Clearfield Benefits Trust,2024-04,47313.62,2024-04-07,Paid,
INV-2024-0056,ATC-00031,Mountainview Mutual,2024-04,87213.15,2024-04-14,Paid,
INV-2024-0274,ATC-00111,Oakwood Mutual Services,2024-04,16085.69,2024-04-23,Paid,
INV-2024-0063,ATC-00038,Timberline Policy Group,2024-04,770.56,2024-04-28,Paid,
INV-2025-0225,ATC-00078,Hillcrest Benefits Trust,2025-01,12637.9,2025-01-26,Paid,
INV-2024-0097,ATC-00046,Bayshore Life & Casualty,2024-08,9974.06,2024-08-06,Paid,
INV-2024-0060,ATC-00035,Quorum Financial Services,2024-04,83416.33,2024-04-05,Paid,
INV-2024-0122,ATC-00052,Highmark Benefits Co.,2024-05,7739.98,2024-05-02,Paid,
INV-2025-0267,ATC-00104,Hartwell Insurance Co.,2025-01,37955.31,2025-01-22,Paid,
INV-2024-0154,ATC-00062,Rosewood Life Partners,2024-05,14635.58,2024-05-29,Paid,
INV-2024-0334,ATC-ZZZZZ,Copperview Life Services,2024-04,81611.66,2024-04-18,Paid,
INV-2024-0108,ATC-00050,Fairview Insurance Network,2024-04,6933.67,2024-04-06,Paid,
INV-2024-0024,ATC-00018,Cirencester Benefits Ltd,2024-07,3031.27,2024-07-24,Paid,
INV-2024-0217,ATC-00078,Hillcrest Benefits Trust,2024-05,12825.46,2024-05-05,Paid,
INV-2024-0148,ATC-00061,Queensway Financial Group,2024-11,2055.88,2024-11-15,Paid,
INV-2024-0232,ATC-00083,Millbrook Policy Advisors,2024-04,11716.63,2024-04-07,Paid,
INV-2024-0295,ATC-00117,Underwood Policy Group,2024-08,2473.36,2024-08-18,Paid,
INV-2024-0185,ATC-00072,Birchwood Insurance Co.,2024-04,6353.98,2024-04-23,Paid,
INV-2024-0046,ATC-00025,Granite State Insurance,2024-11,3653.41,2024-11-13,Paid,
INV-2024-0153,ATC-00062,Rosewood Life Partners,2024-04,14563.93,2024-04-05,Paid,
INV-2024-0066,ATC-00038,Timberline Policy Group,2024-07,765.35,2024-07-21,Paid,
INV-2024-0209,ATC-00075,Elsinore Mutual Partners,2024-11,1337.52,2024-11-20,Paid,
INV-2024-0186,ATC-00073,Crestwood Benefits Alliance,2024-04,3930.37,2024-04-16,Paid,
INV-2024-0014,ATC-00014,BluePeak Advisory,2024-04,3891.48,2024-04-23,Paid,
INV-2024-0282,ATC-00115,Sedgwick Insurance Services,2024-08,3609.22,2024-08-24,Paid,
INV-2024-0190,ATC-00073,Crestwood Benefits Alliance,2024-08,4034.57,2024-08-13,Paid,
INV-2024-0237,ATC-00083,Millbrook Policy Advisors,2024-09,11707.91,2024-09-21,Paid,
INV-2024-0214,ATC-00076,Foxhill Insurance Services,2024-04,327299.36,2024-04-21,Paid,
INV-2024-0278,ATC-00115,Sedgwick Insurance Services,2024-04,3609.48,2024-04-24,Paid,
INV-2024-0324,ATC-ZZZZZ,Riverton Life Partners,2024-04,10517.45,2024-04-06,Paid,
INV-2024-0010,ATC-00010,Lakewood Financial Group,2024-04,57400.64,2024-04-16,Paid,
INV-2024-0059,ATC-00034,Pacific Crest Insurance,2024-04,366543.71,2024-04-02,Paid,
INV-2024-0254,ATC-00094,Ximena Policy Group,2024-04,11880.58,2024-04-17,Paid,
INV-2024-0251,ATC-00091,Upton Life Partners,2024-04,3774.26,2024-04-03,Paid,
INV-2025-0300,ATC-00117,Underwood Policy Group,2025-01,2486.93,2025-01-26,Paid,
INV-2024-0062,ATC-00037,Silvergate Insurance,2024-04,81277.89,2024-04-10,Paid,
INV-2024-0101,ATC-00046,Bayshore Life & Casualty,2024-12,9957.28,2024-12-29,Paid,
INV-2024-0038,ATC-00024,Frontier Benefits Assoc.,2024-04,44997.51,2024-04-05,Paid,
INV-2024-0310,ATC-00121,Buckhill Insurance Co.,2024-05,1987.49,2024-05-23,Paid,
INV-2024-0331,ATC-ZZZZZ,Greenlawn Benefits Co.,2024-04,41493.26,2024-04-15,Paid,
INV-2024-0084,ATC-00043,Yosemite Life Systems,2024-09,4122.48,2024-09-10,Paid,
INV-2024-0323,ATC-ZZZZZ,Westfield Annuity Group,2024-04,75116.3,2024-04-04,Paid,
INV-2024-0143,ATC-00061,Queensway Financial Group,2024-06,2057.11,2024-06-15,Paid,
INV-2024-0027,ATC-00018,Cirencester Benefits Ltd,2024-10,2928.66,2024-10-29,Paid,
INV-2024-0129,ATC-00052,Highmark Benefits Co.,2024-12,7474.01,2024-12-10,Paid,
INV-2024-0291,ATC-00117,Underwood Policy Group,2024-04,2511.6,2024-04-06,Paid,
INV-2024-0314,ATC-00121,Buckhill Insurance Co.,2024-09,2028.0,2024-09-07,Paid,
INV-2024-0110,ATC-00050,Fairview Insurance Network,2024-06,6901.91,2024-06-20,Paid,
INV-2024-0004,ATC-00004,Pioneer Benefits Co.,2024-04,51249.15,2024-04-15,Paid,
INV-2024-0006,ATC-00006,Keystone Admin Solutions,2024-04,110258.71,2024-04-07,Paid,
INV-2025-0073,ATC-00038,Timberline Policy Group,2025-02,750.1,2025-02-03,Paid,
INV-2024-0044,ATC-00025,Granite State Insurance,2024-09,3554.32,2024-09-15,Paid,
INV-2024-0078,ATC-00042,Xerxes Benefits Network,2024-04,149342.18,2024-04-25,Paid,
INV-2024-0191,ATC-00073,Crestwood Benefits Alliance,2024-09,4014.63,2024-09-11,Paid,
INV-2024-0085,ATC-00043,Yosemite Life Systems,2024-10,3904.05,2024-10-13,Paid,
INV-2025-0150,ATC-00061,Queensway Financial Group,2025-01,2092.22,2025-01-06,Paid,
INV-2024-0193,ATC-00073,Crestwood Benefits Alliance,2024-11,4028.35,2024-11-23,Paid,
INV-2024-0222,ATC-00078,Hillcrest Benefits Trust,2024-10,12745.4,2024-10-07,Paid,
INV-2024-0076,ATC-00040,Valley Trust Insurance,2024-04,11502.76,2024-04-06,Paid,
INV-2025-0118,ATC-00050,Fairview Insurance Network,2025-02,6671.15,2025-02-21,Paid,
INV-2024-0083,ATC-00043,Yosemite Life Systems,2024-08,4014.1,2024-08-15,Paid,
INV-2024-0216,ATC-00078,Hillcrest Benefits Trust,2024-04,13198.61,2024-04-04,Paid,
INV-2024-0012,ATC-00012,Ironbridge Benefit,2024-04,48750.32,2024-04-02,Paid,
INV-2025-0319,ATC-00121,Buckhill Insurance Co.,2025-02,2031.29,2025-02-05,Paid,
INV-2024-0079,ATC-00043,Yosemite Life Systems,2024-04,4064.02,2024-04-19,Paid,
INV-2025-0119,ATC-00050,Fairview Insurance Network,2025-03,6598.62,2025-03-27,Paid,
INV-2024-0202,ATC-00075,Elsinore Mutual Partners,2024-04,1279.95,2024-04-19,Paid,
INV-2024-0145,ATC-00061,Queensway Financial Group,2024-08,2092.43,2024-08-06,Paid,
INV-2024-0184,ATC-00071,Ashford Life Services,2024-04,120440.45,2024-04-26,Paid,
INV-2024-0249,ATC-00089,Stonegate Benefits Co.,2024-04,76632.48,2024-04-16,Paid,
INV-2024-0284,ATC-00115,Sedgwick Insurance Services,2024-10,3801.79,2024-10-18,Paid,
INV-2024-0026,ATC-00018,Cirencester Benefits Ltd,2024-09,3046.37,2024-09-10,Paid,
INV-2024-0161,ATC-00062,Rosewood Life Partners,2024-12,14698.6,2024-12-29,Paid,
INV-2024-0260,ATC-00100,Dunmore Policy Services,2024-09,10468.92,2024-04-24,Paid,Possible duplicate — review
INV-2024-0109,ATC-00050,Fairview Insurance Network,2024-05,6587.01,2024-05-27,Paid,
INV-2024-0233,ATC-00083,Millbrook Policy Advisors,2024-05,11922.64,2024-05-22,Paid,
INV-2024-0121,ATC-00052,Highmark Benefits Co.,2024-04,7683.86,2024-04-16,Paid,
INV-2025-0163,ATC-00062,Rosewood Life Partners,2025-02,14764.0,2025-02-05,Paid,
INV-2024-0029,ATC-00018,Cirencester Benefits Ltd,2024-12,3103.47,2024-12-21,Paid,
INV-2024-0252,ATC-00092,Verdant Insurance Trust,2024-04,22368.9,2024-04-27,Paid,
INV-2024-0042,ATC-00025,Granite State Insurance,2024-07,3562.54,2024-07-06,Paid,
INV-2024-0021,ATC-00018,Cirencester Benefits Ltd,2024-04,3108.14,2024-04-29,Paid,
INV-2024-0256,ATC-00096,Zephyr Benefits Inc.,2024-04,26141.88,2024-04-27,Paid,
INV-2024-0039,ATC-00025,Granite State Insurance,2024-04,3678.6,2024-04-22,Paid,
INV-2024-0208,ATC-00075,Elsinore Mutual Partners,2024-10,1305.92,2024-10-04,Paid,
INV-2024-0188,ATC-00073,Crestwood Benefits Alliance,2024-06,4057.48,2024-06-15,Paid,
INV-2024-0016,ATC-00016,Coastal Re Solutions,2024-04,13613.98,2024-04-13,Paid,
INV-2024-0107,ATC-00049,Elmwood Financial Partners,2024-04,20716.75,2024-04-23,Paid,
INV-2024-0253,ATC-00093,Weston Benefits Alliance,2024-04,76226.32,2024-04-08,Paid,
INV-2024-0250,ATC-00090,Thornbury Policy Services,2024-04,56062.6,2024-04-27,Paid,
INV-2025-0117,ATC-00050,Fairview Insurance Network,2025-01,6625.36,2025-01-18,Paid,
INV-2024-0065,ATC-00038,Timberline Policy Group,2024-06,748.65,2024-06-09,Paid,
INV-2024-0111,ATC-00050,Fairview Insurance Network,2024-07,6712.76,2024-07-07,Paid,
INV-2024-0269,ATC-00106,Jasper Policy Services,2024-04,19684.84,2024-04-23,Paid,
INV-2024-0047,ATC-00025,Granite State Insurance,2024-12,3598.32,2024-12-10,Paid,
INV-2024-0275,ATC-00112,Prescott Insurance Holdings,2024-04,289990.99,2024-04-13,Paid,
INV-2025-0289,ATC-00115,Sedgwick Insurance Services,2025-03,3656.61,2025-03-26,Paid,
INV-2024-0149,ATC-00061,Queensway Financial Group,2024-12,2057.3,2024-12-25,Paid,
INV-2024-0176,ATC-00069,Yellowstone Mutual Holdings,2024-09,62129.03,2024-09-06,Paid,
INV-2024-0138,ATC-00058,Newbury Policy Services,2024-04,67507.29,2024-04-29,Paid,
INV-2024-0312,ATC-00121,Buckhill Insurance Co.,2024-07,2020.0,2024-07-11,Paid,
INV-2024-0283,ATC-00115,Sedgwick Insurance Services,2024-09,3764.53,2024-09-25,Paid,
INV-2024-0325,ATC-ZZZZZ,Brookfield Insurance Trust,2024-04,87071.17,2024-04-18,Paid,
INV-2024-0105,ATC-00047,Clearwater Benefits Inc.,2024-04,35829.88,2024-04-06,Paid,
INV-2024-0106,ATC-00048,Driftwood Annuity Group,2024-04,5502.87,2024-04-27,Paid,
INV-2024-0135,ATC-00055,Kirkland Insurance Partners,2024-04,73977.06,2024-04-24,Paid,
INV-2024-0123,ATC-00052,Highmark Benefits Co.,2024-06,7471.77,2024-06-17,Paid,
INV-2024-0247,ATC-00087,Quarry Hill Insurance,2024-04,18869.0,2024-04-29,Paid,
INV-2024-0080,ATC-00043,Yosemite Life Systems,2024-05,3997.18,2024-05-25,Paid,
INV-2024-0169,ATC-00067,Whitmore Insurance Trust,2024-04,159898.41,2024-04-23,Paid,
INV-2024-0173,ATC-00069,Yellowstone Mutual Holdings,2024-06,64081.89,2024-06-13,Paid,
INV-2024-0034,ATC-00020,Broadview Life Partners,2024-04,119350.38,2024-04-08,Paid,
INV-2024-0299,ATC-00117,Underwood Policy Group,2024-12,2387.86,2024-12-07,Paid,
INV-2024-0120,ATC-00051,Glenwood Mutual Services,2024-04,167020.37,2024-04-23,Paid,
INV-2025-0212,ATC-00075,Elsinore Mutual Partners,2025-02,1292.55,2025-02-14,Paid,
INV-2024-0207,ATC-00075,Elsinore Mutual Partners,2024-09,1273.13,2024-09-02,Paid,
INV-2024-0142,ATC-00061,Queensway Financial Group,2024-05,2095.52,2024-05-25,Paid,
INV-2025-0301,ATC-00117,Underwood Policy Group,2025-02,2456.7,2025-02-07,Paid,
INV-2025-0197,ATC-00073,Crestwood Benefits Alliance,2025-03,3983.55,2025-03-08,Paid,
INV-2024-0127,ATC-00052,Highmark Benefits Co.,2024-10,7477.6,2024-10-04,Paid,
INV-2024-0285,ATC-00115,Sedgwick Insurance Services,2024-11,3601.62,2024-11-23,Paid,
INV-2024-0313,ATC-00121,Buckhill Insurance Co.,2024-08,2058.45,2024-08-18,Paid,
INV-2024-0258,ATC-00098,Belmont Life Holdings,2024-04,56945.53,2024-04-04,Paid,
INV-2024-0179,ATC-00069,Yellowstone Mutual Holdings,2024-12,61432.83,2024-12-15,Paid,
INV-2024-0058,ATC-00033,Oakdale Benefits Group,2024-04,1204.13,2024-04-04,Paid,
INV-2025-0131,ATC-00052,Highmark Benefits Co.,2025-02,7696.25,2025-02-12,Paid,
INV-2024-0220,ATC-00078,Hillcrest Benefits Trust,2024-08,12793.83,2024-08-11,Paid,
INV-2024-0175,ATC-00069,Yellowstone Mutual Holdings,2024-08,61163.27,2024-08-23,Paid,
INV-2025-0308,ATC-00120,Axford Benefits Network,2025-01,32695.39,2025-01-27,Paid,
INV-2024-0077,ATC-00041,Westport Mutual Holdings,2024-04,261681.07,2024-04-13,Paid,
INV-2024-0075,ATC-00039,Union Square Benefits,2024-04,137852.42,2024-04-09,Paid,
INV-2024-0139,ATC-00059,Orchard Trust Benefits,2024-04,18371.77,2024-04-16,Paid,
INV-2024-0141,ATC-00061,Queensway Financial Group,2024-04,2087.96,2024-04-16,Paid,
INV-2024-0017,ATC-00016,Coastal Re Solutions,2024-07,14061.47,2024-07-11,Paid,
INV-2025-0089,ATC-00043,Yosemite Life Systems,2025-02,3984.69,2025-02-22,Paid,
INV-2025-0320,ATC-00121,Buckhill Insurance Co.,2025-03,2050.34,2025-03-18,Paid,
INV-2024-0082,ATC-00043,Yosemite Life Systems,2024-07,4054.0,2024-07-28,Paid,
INV-2024-0304,ATC-00119,Waterford Mutual Holdings,2024-04,247732.02,2024-04-16,Paid,
INV-2024-0210,ATC-00075,Elsinore Mutual Partners,2024-12,1303.52,2024-12-14,Paid,
INV-2024-0045,ATC-00025,Granite State Insurance,2024-10,3521.77,2024-10-06,Paid,
INV-2025-0213,ATC-00075,Elsinore Mutual Partners,2025-03,1271.44,2025-03-12,Paid,
INV-2024-0294,ATC-00117,Underwood Policy Group,2024-07,2478.08,2024-07-28,Paid,
INV-2024-0332,ATC-ZZZZZ,Fairfield Policy Trust,2024-04,8127.59,2024-04-20,Paid,
INV-2025-0032,ATC-00018,Cirencester Benefits Ltd,2025-03,3067.65,2025-03-09,Paid,
INV-2024-0052,ATC-00027,Inland Empire Brokers,2024-04,67204.76,2024-04-16,Paid,
INV-2024-0126,ATC-00052,Highmark Benefits Co.,2024-09,7771.78,2024-09-16,Paid,
INV-2024-0178,ATC-00069,Yellowstone Mutual Holdings,2024-11,60970.16,2024-11-18,Paid,
INV-2025-0074,ATC-00038,Timberline Policy Group,2025-03,757.67,2025-03-17,Paid,
INV-2024-0263,ATC-00103,Grantham Life Systems,2024-04,143959.93,2024-04-13,Paid,
INV-2024-0055,ATC-00030,Lakeshore Annuity Services,2024-04,24473.36,2024-04-25,Paid,
INV-2024-0115,ATC-00050,Fairview Insurance Network,2024-11,6774.83,2024-11-26,Paid,
INV-2024-0317,ATC-00121,Buckhill Insurance Co.,2024-12,1994.29,2024-12-22,Paid,
INV-2024-0067,ATC-00038,Timberline Policy Group,2024-08,784.34,2024-08-19,Paid,
INV-2024-0068,ATC-00038,Timberline Policy Group,2024-09,758.75,2024-09-21,Paid,
INV-2025-0031,ATC-00018,Cirencester Benefits Ltd,2025-02,3090.9,2025-02-11,Paid,
INV-2024-0144,ATC-00061,Queensway Financial Group,2024-07,2084.62,2024-07-10,Paid,
INV-2024-0100,ATC-00046,Bayshore Life & Casualty,2024-11,10162.87,2024-11-20,Paid,
INV-2024-0133,ATC-00053,Ironwood Policy Advisors,2024-04,16763.33,2024-04-16,Paid,
INV-2024-0128,ATC-00052,Highmark Benefits Co.,2024-11,7592.08,2024-11-06,Paid,
INV-2025-0048,ATC-00025,Granite State Insurance,2025-01,3662.88,2025-01-10,Paid,
INV-2024-0277,ATC-00114,Ravenwood Life Partners,2024-04,76297.92,2024-04-14,Paid,
INV-2024-0007,ATC-00007,Atlas Brokerage,2024-04,115574.15,2024-04-29,Paid,
INV-2025-0030,ATC-00018,Cirencester Benefits Ltd,2025-01,3062.11,2025-01-28,Paid,
INV-2025-0287,ATC-00115,Sedgwick Insurance Services,2025-01,3584.95,2025-01-11,Paid,
INV-2025-0072,ATC-00038,Timberline Policy Group,2025-01,773.53,2025-01-05,Paid,
INV-2024-0167,ATC-00065,Upland Casualty Services,2024-04,7994.16,2024-04-21,Paid,
INV-2024-0081,ATC-00043,Yosemite Life Systems,2024-06,4071.28,2024-06-15,Paid,
INV-2025-0102,ATC-00046,Bayshore Life & Casualty,2025-01,9967.64,2025-01-26,Paid,
INV-2024-0271,ATC-00108,Lockwood Life Insurance,2024-04,10032.9,2024-04-23,Paid,
INV-2024-0136,ATC-00056,Laurel Benefits Group,2024-04,18268.92,2024-04-22,Paid,
INV-2024-0036,ATC-00022,Dellwood Mutual Benefits,2024-04,5685.87,2024-04-26,Paid,
INV-2024-0292,ATC-00117,Underwood Policy Group,2024-05,2376.59,2024-05-29,Paid,
INV-2024-0244,ATC-00084,Norwood Insurance Alliance,2024-04,99167.66,2024-04-16,Paid,
INV-2025-0196,ATC-00073,Crestwood Benefits Alliance,2025-02,3923.89,2025-02-08,Paid,
INV-2024-0114,ATC-00050,Fairview Insurance Network,2024-10,6627.23,2024-10-04,Paid,
INV-2024-0316,ATC-00121,Buckhill Insurance Co.,2024-11,2037.37,2024-11-29,Paid,
INV-2024-0095,ATC-00046,Bayshore Life & Casualty,2024-06,10188.96,2024-06-02,Paid,
INV-2024-0116,ATC-00050,Fairview Insurance Network,2024-12,6728.34,2024-12-20,Paid,
INV-2024-0230,ATC-00081,Kestrel Insurance Network,2024-04,57531.64,2024-04-21,Paid,
INV-2024-0040,ATC-00025,Granite State Insurance,2024-05,3492.41,2024-05-27,Paid,
INV-2024-0155,ATC-00062,Rosewood Life Partners,2024-06,14860.3,2024-06-26,Paid,
INV-2025-0227,ATC-00078,Hillcrest Benefits Trust,2025-03,13228.31,2025-03-22,Paid,
INV-2024-0146,ATC-00061,Queensway Financial Group,2024-09,2131.97,2024-09-17,Paid,
INV-2024-0099,ATC-00046,Bayshore Life & Casualty,2024-10,9867.72,2024-10-26,Paid,
INV-2024-0270,ATC-00107,Kingston Mutual Partners,2024-04,22300.41,2024-04-10,Paid,
INV-2024-0240,ATC-00083,Millbrook Policy Advisors,2024-12,11307.63,2024-12-16,Paid,
INV-2024-0166,ATC-00064,Thornwood Benefits Inc.,2024-04,52742.05,2024-04-26,Paid,
INV-2024-0279,ATC-00115,Sedgwick Insurance Services,2024-09,3788.68,2024-05-11,Paid,Possible duplicate — review
INV-2024-0061,ATC-00036,Redwood Benefits Partners,2024-04,329915.91,2024-04-23,Paid,
INV-2024-0018,ATC-00016,Coastal Re Solutions,2024-10,13775.63,2024-10-15,Paid,
INV-2024-0309,ATC-00121,Buckhill Insurance Co.,2024-04,2059.21,2024-04-28,Paid,
INV-2024-0328,ATC-ZZZZZ,Sunnyside Mutual Holdings,2024-04,99427.28,2024-04-04,Paid,
INV-2024-0113,ATC-00050,Fairview Insurance Network,2024-09,6882.89,2024-09-18,Paid,
INV-2025-0201,ATC-00074,Devonshire Policy Group,2025-01,3754.84,2025-01-07,Paid,
INV-2024-0236,ATC-00083,Millbrook Policy Advisors,2024-08,11572.73,2024-08-20,Paid,
INV-2024-0156,ATC-00062,Rosewood Life Partners,2024-07,14646.29,2024-07-25,Paid,
INV-2024-0273,ATC-00110,Norbury Policy Trust,2024-04,18914.34,2024-04-12,Paid,
INV-2024-0037,ATC-00023,Eastbrook Policy Services,2024-04,3331.52,2024-04-28,Paid,
INV-2024-0008,ATC-00008,Meridian Life Casualty,2024-04,282804.04,2024-04-23,Paid,
INV-2024-0276,ATC-00113,Quinby Benefits Co.,2024-04,40628.16,2024-04-22,Paid,
INV-2024-0281,ATC-00115,Sedgwick Insurance Services,2024-07,3756.27,2024-07-28,Paid,
INV-2024-0330,ATC-ZZZZZ,Ridgemont Life Systems,2024-04,84765.84,2024-04-20,Paid,
INV-2024-0206,ATC-00075,Elsinore Mutual Partners,2024-08,1300.99,2024-08-25,Paid,
INV-2025-0132,ATC-00052,Highmark Benefits Co.,2025-03,7619.15,2025-03-21,Paid,
INV-2024-0311,ATC-00121,Buckhill Insurance Co.,2024-06,2078.98,2024-06-16,Paid,
INV-2024-0305,ATC-00120,Axford Benefits Network,2024-04,33292.95,2024-04-26,Paid,
INV-2024-0248,ATC-00088,Riverdale Mutual Holdings,2024-04,298870.34,2024-04-21,Paid,
INV-2024-0172,ATC-00069,Yellowstone Mutual Holdings,2024-05,63261.23,2024-05-11,Paid,
INV-2024-0020,ATC-00017,Pinnacle Trust Services,2024-04,279789.44,2024-04-08,Paid,
INV-2024-0015,ATC-00015,Ridgeline Health Plans,2024-04,86292.35,2024-04-04,Paid,
INV-2024-0296,ATC-00117,Underwood Policy Group,2024-09,2370.82,2024-09-12,Paid,
INV-2024-0203,ATC-00075,Elsinore Mutual Partners,2024-05,1325.08,2024-05-18,Paid,
INV-2025-0164,ATC-00062,Rosewood Life Partners,2025-03,14946.17,2025-03-20,Paid,
INV-2024-0071,ATC-00038,Timberline Policy Group,2024-12,785.5,2024-12-11,Paid,
INV-2024-0112,ATC-00050,Fairview Insurance Network,2024-08,6688.99,2024-08-06,Paid,
INV-2024-0158,ATC-00062,Rosewood Life Partners,2024-09,14802.98,2024-09-13,Paid,
INV-2024-0091,ATC-00044,Zenith Policy Services,2024-04,132409.89,2024-04-05,Paid,
INV-2024-0234,ATC-00083,Millbrook Policy Advisors,2024-06,11604.22,2024-06-26,Paid,
INV-2024-0223,ATC-00078,Hillcrest Benefits Trust,2024-11,12547.12,2024-11-22,Paid,
INV-2024-0187,ATC-00073,Crestwood Benefits Alliance,2024-05,4070.76,2024-05-17,Paid,
INV-2025-0302,ATC-00117,Underwood Policy Group,2025-03,2470.81,2025-03-03,Paid,
INV-2024-0262,ATC-00102,Falmouth Mutual Benefits,2024-04,176247.37,2024-04-21,Paid,
INV-2025-0180,ATC-00069,Yellowstone Mutual Holdings,2025-01,62327.27,2025-01-07,Paid,
INV-2024-0228,ATC-00079,Inverness Policy Co.,2024-04,21752.28,2024-04-09,Paid,
INV-2024-0086,ATC-00043,Yosemite Life Systems,2024-11,3948.53,2024-11-16,Paid,
INV-2024-0219,ATC-00078,Hillcrest Benefits Trust,2024-07,12797.45,2024-07-04,Paid,
INV-2024-0229,ATC-00080,Juneau Life Partners,2024-04,80783.51,2024-04-10,Paid,
INV-2024-0157,ATC-00062,Rosewood Life Partners,2024-08,14318.32,2024-08-11,Paid,
INV-2025-0152,ATC-00061,Queensway Financial Group,2025-03,2166.1,2025-03-19,Paid,
INV-2024-0168,ATC-00066,Vineyard Life Systems,2024-04,18188.09,2024-04-19,Paid,
INV-2024-0272,ATC-00109,Marlowe Benefits Group,2024-04,55111.87,2024-04-21,Paid,
INV-2024-0053,ATC-00028,Junction Benefits Corp.,2024-04,63304.72,2024-04-06,Paid,
INV-2024-0165,ATC-00063,Sagebrush Insurance Co.,2024-04,238292.32,2024-04-15,Paid,
INV-2024-0306,ATC-00120,Axford Benefits Network,2024-07,33566.69,2024-07-16,Paid,
INV-2024-0093,ATC-00046,Bayshore Life & Casualty,2024-04,10102.4,2024-04-23,Paid,
INV-2024-0221,ATC-00078,Hillcrest Benefits Trust,2024-09,13064.23,2024-09-09,Paid,
INV-2024-0041,ATC-00025,Granite State Insurance,2024-06,3578.91,2024-06-20,Paid,
INV-2024-0218,ATC-00078,Hillcrest Benefits Trust,2024-06,12676.07,2024-06-20,Paid,
INV-2024-0043,ATC-00025,Granite State Insurance,2024-08,3503.34,2024-08-11,Paid,
INV-2024-0137,ATC-00057,Maple Ridge Insurance,2024-04,46214.72,2024-04-26,Paid,
INV-2024-0266,ATC-00104,Hartwell Insurance Co.,2024-10,37708.34,2024-10-03,Paid,
INV-2024-0286,ATC-00115,Sedgwick Insurance Services,2024-12,3674.7,2024-12-13,Paid,
INV-2024-0297,ATC-00117,Underwood Policy Group,2024-10,2493.52,2024-10-21,Paid,
INV-2024-0255,ATC-00095,Yellowrock Mutual Services,2024-04,52404.3,2024-04-03,Paid,
INV-2024-0096,ATC-00046,Bayshore Life & Casualty,2024-07,9856.76,2024-07-12,Paid,
INV-2024-0315,ATC-00121,Buckhill Insurance Co.,2024-10,2063.16,2024-10-27,Paid,
INV-2024-0198,ATC-00074,Devonshire Policy Group,2024-04,3759.35,2024-04-26,Paid,
INV-2025-0226,ATC-00078,Hillcrest Benefits Trust,2025-02,12758.0,2025-02-25,Paid,
INV-2024-0205,ATC-00075,Elsinore Mutual Partners,2024-07,1333.13,2024-07-04,Paid,
INV-2024-0224,ATC-00078,Hillcrest Benefits Trust,2024-12,12576.2,2024-12-18,Paid,
INV-2024-0189,ATC-00073,Crestwood Benefits Alliance,2024-07,3976.71,2024-07-26,Paid,
INV-2024-0064,ATC-00038,Timberline Policy Group,2024-05,773.04,2024-05-13,Paid,
INV-2024-0140,ATC-00060,Plum Creek Mutual,2024-04,16449.19,2024-04-15,Paid,
INV-2024-0170,ATC-00068,Xenon Policy Partners,2024-04,6870.58,2024-04-10,Paid,
INV-2024-0025,ATC-00018,Cirencester Benefits Ltd,2024-08,2980.64,2024-08-28,Paid,
INV-2024-0327,ATC-ZZZZZ,Thornfield Policy Services,2024-04,49421.54,2024-04-15,Paid,
INV-2024-0147,ATC-00061,Queensway Financial Group,2024-10,2053.58,2024-10-28,Paid,
INV-2024-0098,ATC-00046,Bayshore Life & Casualty,2024-09,10304.34,2024-09-08,Paid,
INV-2024-0307,ATC-00120,Axford Benefits Network,2024-10,32545.64,2024-10-09,Paid,
INV-2024-0329,ATC-ZZZZZ,Cloverdale Insurance Group,2024-04,24276.12,2024-04-21,Paid,
INV-2025-0243,ATC-00083,Millbrook Policy Advisors,2025-03,11505.19,2025-03-04,Paid,
INV-2024-0279,ATC-00115,Sedgwick Insurance Services,2024-05,3788.68,2024-05-11,Paid,
INV-2024-0204,ATC-00075,Elsinore Mutual Partners,2024-06,1313.69,2024-06-23,Paid,
INV-2024-0264,ATC-00104,Hartwell Insurance Co.,2024-04,38243.43,2024-04-14,Paid,
INV-2024-0159,ATC-00062,Rosewood Life Partners,2024-10,14364.36,2024-10-18,Paid,
INV-2025-0162,ATC-00062,Rosewood Life Partners,2025-01,14368.44,2025-01-29,Paid,
INV-2024-0022,ATC-00018,Cirencester Benefits Ltd,2024-05,3014.68,2024-05-09,Paid,
INV-2025-0103,ATC-00046,Bayshore Life & Casualty,2025-02,9915.7,2025-02-21,Paid,
INV-2025-0318,ATC-00121,Buckhill Insurance Co.,2025-01,2022.3,2025-01-13,Paid,
INV-2025-0104,ATC-00046,Bayshore Life & Casualty,2025-03,9827.75,2025-03-29,Paid,
INV-2025-0151,ATC-00061,Queensway Financial Group,2025-02,2115.46,2025-02-20,Paid,
INV-2025-0019,ATC-00016,Coastal Re Solutions,2025-01,13817.74,2025-01-16,Paid,
INV-2024-0235,ATC-00083,Millbrook Policy Advisors,2024-07,11652.71,2024-07-20,Paid,
INV-2024-0033,ATC-00019,Aldgate Re Partners,2024-04,3623.13,2024-04-13,Paid,
INV-2024-0070,ATC-00038,Timberline Policy Group,2024-11,772.9,2024-11-16,Paid,
INV-2024-0094,ATC-00046,Bayshore Life & Casualty,2024-05,9954.94,2024-05-22,Paid,
INV-2024-0246,ATC-00086,Pinehurst Life Services,2024-04,9893.05,2024-04-04,Paid,
INV-2024-0238,ATC-00083,Millbrook Policy Advisors,2024-10,11485.18,2024-10-22,Paid,
INV-2025-0090,ATC-00043,Yosemite Life Systems,2025-03,3982.61,2025-03-14,Paid,
INV-2024-0174,ATC-00069,Yellowstone Mutual Holdings,2024-07,60648.96,2024-07-29,Paid,
INV-2024-0280,ATC-00115,Sedgwick Insurance Services,2024-06,3704.72,2024-06-22,Paid,
INV-2025-0181,ATC-00069,Yellowstone Mutual Holdings,2025-02,62013.79,2025-02-25,Paid,
INV-2024-0333,ATC-ZZZZZ,Millstone Insurance Partners,2024-04,67862.75,2024-04-04,Paid,
INV-2024-0069,ATC-00038,Timberline Policy Group,2024-10,753.85,2024-10-04,Paid,
INV-2024-0171,ATC-00069,Yellowstone Mutual Holdings,2024-04,60734.64,2024-04-10,Paid,
INV-2024-0298,ATC-00117,Underwood Policy Group,2024-11,2384.47,2024-11-14,Paid,
INV-2024-0054,ATC-00029,Kingsbridge Casualty,2024-04,14721.11,2024-04-09,Paid,
INV-2024-0322,ATC-00123,Darnley Life Services,2024-04,14769.45,2024-04-07,Paid,
INV-2024-0124,ATC-00052,Highmark Benefits Co.,2024-07,7833.89,2024-07-15,Paid,
INV-2024-0177,ATC-00069,Yellowstone Mutual Holdings,2024-10,63404.75,2024-10-02,Paid,
INV-2024-0035,ATC-00021,Cascade Insurance Group,2024-04,235627.61,2024-04-23,Paid,
INV-2024-0183,ATC-00070,Zion Benefits Network,2024-04,83900.69,2024-04-03,Paid,
INV-2024-0009,ATC-00009,Meridian Life Casualty,2024-04,359255.64,2024-04-20,Paid,
INV-2025-0130,ATC-00052,Highmark Benefits Co.,2025-01,7731.22,2025-01-20,Paid,
INV-2024-0192,ATC-00073,Crestwood Benefits Alliance,2024-10,4074.69,2024-10-20,Paid,
INV-2024-0199,ATC-00074,Devonshire Policy Group,2024-07,3645.73,2024-07-12,Paid,
INV-2024-0326,ATC-ZZZZZ,Marlborough Benefits Inc.,2024-04,69228.44,2024-04-09,Paid,
INV-2024-0023,ATC-00018,Cirencester Benefits Ltd,2024-06,2996.24,2024-06-13,Paid,
INV-2025-0241,ATC-00083,Millbrook Policy Advisors,2025-01,11699.82,2025-01-27,Paid,
INV-2024-0200,ATC-00074,Devonshire Policy Group,2024-10,3615.64,2024-10-17,Paid,
INV-2024-0011,ATC-00011,Crestview Insurance,2024-04,93393.17,2024-04-16,Paid,
